sec,msg_type,channel,note,velocity,dynamic,accent,count,main_vol,depth,pedal,pan
0.0,[],[],[],[],,0,0,127,0,0,64
0.1,[],[],[],[],,0,0,0,0,0,0
0.2,[],[],[],[],,0,0,0,0,0,0
0.3,[],[],[],[],,0,0,0,0,0,0
0.4,[],[],[],[],,0,0,0,0,0,0
0.5,[],[],[],[],,0,0,0,0,0,0
0.6,[],[],[],[],,0,0,0,0,0,0
0.7,[],[],[],[],,0,0,0,0,0,0
0.8,"['note_on', 'note_on', 'note_on']","[0, 0, 0]","[81, 69, 57]","[77, 67, 49]",mp,0,3,0,0,0,0
0.9,[],[],[],[],,0,0,0,0,0,0
1.0,[],[],[],[],,0,0,0,0,0,0
1.1,"['note_on', 'note_on']","[0, 0]","[52, 76]","[55, 87]",mp,0,2,0,0,0,0
1.2,['note_on'],[0],[64],[73],mp,0,1,0,0,0,0
1.3,[],[],[],[],,0,0,0,0,0,0
1.4,[],[],[],[],,0,0,0,0,0,0
1.5,[],[],[],[],,0,0,0,0,0,0
1.6,[],[],[],[],,0,0,0,0,0,0
1.7,[],[],[],[],,0,0,0,0,0,0
1.8,[],[],[],[],,0,0,0,0,0,0
1.9,[],[],[],[],,0,0,0,0,0,0
2.0,['note_on'],[0],[52],[55],p,0,1,0,0,0,0
2.1,"['note_on', 'note_on', 'note_on']","[0, 0, 0]","[64, 50, 62]","[57, 46, 58]",p,0,3,0,0,0,0
2.2,"['note_on', 'note_on']","[0, 0]","[49, 61]","[62, 55]",p,0,2,0,0,0,0
2.3,"['note_on', 'note_on']","[0, 0]","[47, 59]","[39, 53]",pp,0,2,0,0,0,0
2.4,"['note_on', 'note_on']","[0, 0]","[45, 57]","[60, 63]",p,0,2,0,0,0,0
2.5,[],[],[],[],,0,0,0,0,0,0
2.6,[],[],[],[],,0,0,0,0,0,0
2.7,[],[],[],[],,0,0,0,0,0,0
2.8,[],[],[],[],,0,0,0,0,0,0
2.9,[],[],[],[],,0,0,0,0,0,0
3.0,[],[],[],[],,0,0,0,0,0,0
3.1,[],[],[],[],,0,0,0,0,0,0
3.2,[],[],[],[],,0,0,0,0,0,0
3.3,"['note_on', 'note_on', 'note_on']","[0, 0, 0]","[81, 57, 69]","[77, 70, 70]",mp,0,3,0,0,0,0
3.4,[],[],[],[],,0,0,0,0,0,0
3.5,[],[],[],[],,0,0,0,0,0,0
3.6,"['note_on', 'note_on', 'note_on']","[0, 0, 0]","[54, 78, 66]","[78, 87, 85]",mf,1,3,0,0,0,0
3.7,[],[],[],[],,0,0,0,0,0,0
3.8,[],[],[],[],,0,0,0,0,0,0
3.9,[],[],[],[],,0,0,0,0,0,0
4.0,[],[],[],[],,0,0,0,0,0,0
4.1,[],[],[],[],,0,0,0,0,0,0
4.2,[],[],[],[],,0,0,0,0,0,0
4.3,[],[],[],[],,0,0,0,0,0,0
4.4,"['note_on', 'note_on', 'note_on', 'note_on']","[0, 0, 0, 0]","[54, 63, 66, 52]","[45, 62, 38, 45]",pp,0,4,0,0,0,0
4.5,"['note_on', 'note_on', 'note_on']","[0, 0, 0]","[64, 62, 50]","[58, 58, 37]",p,0,3,0,0,0,0
4.6,"['note_on', 'note_on']","[0, 0]","[49, 61]","[49, 49]",p,0,2,0,0,0,0
4.7,"['note_on', 'note_on']","[0, 0]","[59, 47]","[77, 77]",mf,1,2,0,0,0,0
4.8,[],[],[],[],,0,0,0,0,0,0
4.9,[],[],[],[],,0,0,0,0,0,0
5.0,[],[],[],[],,0,0,0,0,0,0
5.1,[],[],[],[],,0,0,0,0,0,0
5.2,[],[],[],[],,0,0,0,0,0,0
5.3,[],[],[],[],,0,0,0,0,0,0
5.4,[],[],[],[],,0,0,0,0,0,0
5.5,[],[],[],[],,0,0,0,0,0,0
5.6,"['note_on', 'note_on', 'note_on', 'note_on', 'note_on']","[0, 0, 0, 0, 0]","[62, 76, 88, 74, 86]","[67, 77, 66, 73, 68]",mp,0,5,0,0,0,0
5.7,[],[],[],[],,0,0,0,0,0,0
5.8,[],[],[],[],,0,0,0,0,0,0
5.9,"['note_on', 'note_on', 'note_on', 'note_on', 'note_on']","[0, 0, 0, 0, 0]","[72, 84, 59, 71, 83]","[65, 68, 68, 87, 55]",mp,0,5,0,0,0,0
6.0,[],[],[],[],,0,0,0,0,0,0
6.1,[],[],[],[],,0,0,0,0,0,0
6.2,[],[],[],[],,0,0,0,0,0,0
6.3,[],[],[],[],,0,0,0,0,0,0
6.4,[],[],[],[],,0,0,0,0,0,0
6.5,"['note_on', 'note_on', 'note_on', 'note_on']","[0, 0, 0, 0]","[57, 79, 69, 67]","[49, 80, 73, 70]",mp,0,4,0,0,0,0
6.6,[],[],[],[],,0,0,0,0,0,0
6.7,[],[],[],[],,0,0,0,0,0,0
6.8,[],[],[],[],,0,0,0,0,0,0
6.9,[],[],[],[],,0,0,0,0,0,0
7.0,[],[],[],[],,0,0,0,0,0,0
7.1,"['note_on', 'note_on']","[0, 0]","[76, 52]","[70, 58]",mp,0,2,0,0,0,0
7.2,"['note_on', 'note_on']","[0, 0]","[65, 64]","[47, 42]",pp,0,2,0,0,0,0
7.3,[],[],[],[],,0,0,0,0,0,0
7.4,[],[],[],[],,0,0,0,0,0,0
7.5,[],[],[],[],,0,0,0,0,0,0
7.6,[],[],[],[],,0,0,0,0,0,0
7.7,[],[],[],[],,0,0,0,0,0,0
7.8,"['note_on', 'note_on', 'note_on', 'note_on']","[0, 0, 0, 0]","[50, 74, 62, 64]","[75, 75, 46, 53]",mp,0,4,0,0,0,0
7.9,[],[],[],[],,0,0,0,0,0,0
8.0,[],[],[],[],,0,0,0,0,0,0
8.1,[],[],[],[],,0,0,0,0,0,0
8.2,[],[],[],[],,0,0,0,0,0,0
8.3,[],[],[],[],,0,0,0,0,0,0
8.4,"['note_on', 'note_on', 'note_on', 'note_on']","[0, 0, 0, 0]","[59, 47, 71, 69]","[78, 77, 47, 58]",mp,0,4,0,0,0,0
8.5,[],[],[],[],,0,0,0,0,0,0
8.6,[],[],[],[],,0,0,0,0,0,0
8.7,[],[],[],[],,0,0,0,0,0,0
8.8,[],[],[],[],,0,0,0,0,0,0
8.9,[],[],[],[],,0,0,0,0,0,0
9.0,"['note_on', 'note_on', 'note_on']","[0, 0, 0]","[68, 56, 44]","[74, 69, 64]",mp,0,3,0,0,0,0
9.1,[],[],[],[],,0,0,0,0,0,0
9.2,[],[],[],[],,0,0,0,0,0,0
9.3,[],[],[],[],,0,0,0,0,0,0
9.4,[],[],[],[],,0,0,0,0,0,0
9.5,[],[],[],[],,0,0,0,0,0,0
9.6,"['note_on', 'note_on', 'note_on']","[0, 0, 0]","[52, 64, 40]","[60, 60, 58]",p,0,3,0,0,0,0
9.7,[],[],[],[],,0,0,0,0,0,0
9.8,[],[],[],[],,0,0,0,0,0,0
9.9,[],[],[],[],,0,0,0,0,0,0
10.0,[],[],[],[],,0,0,0,0,0,0
10.1,[],[],[],[],,0,0,0,0,0,0
10.2,[],[],[],[],,0,0,0,0,0,0
10.3,[],[],[],[],,0,0,0,0,0,0
10.4,[],[],[],[],,0,0,0,0,0,0
10.5,[],[],[],[],,0,0,0,0,0,0
10.6,"['note_on', 'note_on']","[0, 0]","[57, 61]","[67, 55]",p,0,2,0,0,0,0
10.7,"['note_on', 'note_on', 'note_on']","[0, 0, 0]","[45, 49, 64]","[55, 42, 67]",p,0,3,0,0,0,0
10.8,"['note_on', 'note_on', 'note_on']","[0, 0, 0]","[52, 69, 57]","[40, 83, 77]",mp,0,3,0,0,0,0
10.9,[],[],[],[],,0,0,0,0,0,0
11.0,[],[],[],[],,0,0,0,0,0,0
11.1,['note_on'],[0],[71],[65],mp,0,1,0,0,0,0
11.2,[],[],[],[],,0,0,0,0,0,0
11.3,[],[],[],[],,0,0,0,0,0,0
11.4,['note_on'],[0],[73],[83],mf,1,1,0,0,0,0
11.5,[],[],[],[],,0,0,0,0,0,0
11.6,[],[],[],[],,0,0,0,0,0,0
11.7,['note_on'],[0],[74],[87],mf,1,1,0,0,0,0
11.8,[],[],[],[],,0,0,0,0,0,0
11.9,['note_on'],[0],[76],[80],mf,1,1,0,0,0,0
12.0,[],[],[],[],,0,0,0,0,0,0
12.1,[],[],[],[],,0,0,0,0,0,0
12.2,['note_on'],[0],[78],[76],mf,1,1,0,0,0,0
12.3,[],[],[],[],,0,0,0,0,0,0
12.4,[],[],[],[],,0,0,0,0,0,0
12.5,['note_on'],[0],[80],[85],mf,1,1,0,0,0,0
12.6,[],[],[],[],,0,0,0,0,0,0
12.7,[],[],[],[],,0,0,0,0,0,0
12.8,['note_on'],[0],[81],[75],mf,0,1,0,0,0,0
12.9,[],[],[],[],,0,0,0,0,0,0
13.0,[],[],[],[],,0,0,0,0,0,0
13.1,[],[],[],[],,0,0,0,0,0,0
13.2,['note_on'],[0],[76],[85],mf,1,1,0,0,0,0
13.3,[],[],[],[],,0,0,0,0,"[1, 8, 12, 18, 22, 26]",0
13.4,[],[],[],[],,0,0,0,0,"[24, 16, 8, 1, 0]",0
13.5,"['note_on', 'note_on']","[0, 0]","[68, 52]","[54, 48]",p,0,2,0,0,0,0
13.6,[],[],[],[],,0,0,0,0,"[4, 10, 16, 18, 20, 22, 26]",0
13.7,['note_on'],[0],[69],[63],mp,0,1,0,0,"[28, 34, 38, 44, 50, 54, 58, 62, 65]",0
13.8,['note_on'],[0],[54],[40],pp,0,1,0,0,"[70, 76, 80, 84, 88, 90, 92, 94, 96, 98]",0
13.9,[],[],[],[],,0,0,0,0,"[102, 104, 106, 108]",0
14.0,['note_on'],[0],[74],[57],p,0,1,0,0,"[104, 100, 94, 88, 78, 64, 48, 30, 0]",0
14.1,"['note_on', 'note_on']","[0, 0]","[56, 71]","[41, 53]",pp,0,2,0,0,0,0
14.2,[],[],[],[],,0,0,0,0,0,0
14.3,"['note_on', 'note_on']","[0, 0]","[73, 57]","[60, 51]",p,0,2,0,0,0,0
14.4,['note_on'],[0],[64],[45],pp,0,1,0,0,0,0
14.5,[],[],[],[],,0,0,0,0,0,0
14.6,['note_on'],[0],[45],[57],p,0,1,0,0,0,0
14.7,[],[],[],[],,0,0,0,0,0,0
14.8,[],[],[],[],,0,0,0,0,0,0
14.9,['note_on'],[0],[49],[71],mp,0,1,0,0,0,0
15.0,[],[],[],[],,0,0,0,0,0,0
15.1,[],[],[],[],,0,0,0,0,0,0
15.2,[],[],[],[],,0,0,0,0,0,0
15.3,['note_on'],[0],[50],[77],mf,1,1,0,0,0,0
15.4,[],[],[],[],,0,0,0,0,0,0
15.5,[],[],[],[],,0,0,0,0,0,0
15.6,['note_on'],[0],[52],[75],mf,0,1,0,0,0,0
15.7,[],[],[],[],,0,0,0,0,0,0
15.8,[],[],[],[],,0,0,0,0,0,0
15.9,"['note_on', 'note_on']","[0, 0]","[56, 64]","[52, 47]",p,0,2,0,0,0,0
16.0,[],[],[],[],,0,0,0,0,0,0
16.1,[],[],[],[],,0,0,0,0,0,0
16.2,"['note_on', 'note_on']","[0, 0]","[57, 66]","[48, 56]",p,0,2,0,0,0,0
16.3,[],[],[],[],,0,0,0,0,0,0
16.4,[],[],[],[],,0,0,0,0,0,0
16.5,[],[],[],[],,0,0,0,0,0,0
16.6,[],[],[],[],,0,0,0,0,0,0
16.7,['note_on'],[0],[69],[85],mf,1,1,0,0,0,0
16.8,"['note_on', 'note_on']","[0, 0]","[49, 59]","[46, 47]",pp,0,2,0,0,0,0
16.9,[],[],[],[],,0,0,0,0,0,0
17.0,[],[],[],[],,0,0,0,0,0,0
17.1,[],[],[],[],,0,0,0,0,0,0
17.2,[],[],[],[],,0,0,0,0,0,0
17.3,"['note_on', 'note_on']","[0, 0]","[74, 47]","[73, 70]",mp,0,2,0,0,0,0
17.4,"['note_on', 'note_on']","[0, 0]","[73, 49]","[41, 34]",pp,0,2,0,0,0,0
17.5,[],[],[],[],,0,0,0,0,0,0
17.6,[],[],[],[],,0,0,0,0,0,0
17.7,[],[],[],[],,0,0,0,0,0,0
17.8,[],[],[],[],,0,0,0,0,0,0
17.9,['note_on'],[0],[44],[69],mp,0,1,0,0,0,0
18.0,"['note_on', 'note_on']","[0, 0]","[71, 76]","[68, 68]",mp,0,2,0,0,0,0
18.1,[],[],[],[],,0,0,0,0,0,0
18.2,"['note_on', 'note_on']","[0, 0]","[68, 40]","[51, 49]",p,0,2,0,0,0,0
18.3,[],[],[],[],,0,0,0,0,0,0
18.4,[],[],[],[],,0,0,0,0,0,0
18.5,"['note_on', 'note_on']","[0, 0]","[42, 69]","[58, 55]",p,0,2,0,0,0,0
18.6,[],[],[],[],,0,0,0,0,0,0
18.7,[],[],[],[],,0,0,0,0,0,0
18.8,"['note_on', 'note_on', 'note_on']","[0, 0, 0]","[44, 74, 71]","[55, 53, 63]",p,0,3,0,0,0,0
18.9,[],[],[],[],,0,0,0,0,0,0
19.0,[],[],[],[],,0,0,0,0,0,0
19.1,['note_on'],[0],[73],[65],mp,0,1,0,0,0,0
19.2,"['note_on', 'note_on']","[0, 0]","[64, 45]","[46, 49]",pp,0,2,0,0,0,0
19.3,[],[],[],[],,0,0,0,0,0,0
19.4,['note_on'],[0],[44],[59],p,0,1,0,0,0,0
19.5,['note_on'],[0],[71],[70],mp,0,1,0,0,0,0
19.6,[],[],[],[],,0,0,0,0,0,0
19.7,['note_on'],[0],[42],[58],p,0,1,0,0,0,0
19.8,['note_on'],[0],[69],[57],p,0,1,0,0,0,0
19.9,[],[],[],[],,0,0,0,0,0,0
20.0,[],[],[],[],,0,0,0,0,0,0
20.1,"['note_on', 'note_on', 'note_on']","[0, 0, 0]","[71, 63, 47]","[47, 44, 57]",p,0,3,0,0,0,0
20.2,[],[],[],[],,0,0,0,0,0,0
20.3,['note_on'],[0],[68],[80],mf,1,1,0,0,0,0
20.4,"['note_on', 'note_on', 'note_on']","[0, 0, 0]","[52, 59, 40]","[55, 68, 51]",p,0,3,0,0,0,0
20.5,[],[],[],[],,0,0,0,0,0,0
20.6,[],[],[],[],,0,0,0,0,0,0
20.7,[],[],[],[],,0,0,0,0,0,0
20.8,[],[],[],[],,0,0,0,0,0,0
20.9,"['note_on', 'note_on']","[0, 0]","[70, 54]","[83, 69]",mf,1,2,0,0,0,0
21.0,"['note_on', 'note_on']","[0, 0]","[59, 68]","[58, 46]",p,0,2,0,0,0,0
21.1,['note_on'],[0],[72],[27],ppp,0,1,0,0,0,0
21.2,['note_on'],[0],[68],[31],ppp,0,1,0,0,0,0
21.3,[],[],[],[],,0,0,0,0,0,0
21.4,[],[],[],[],,0,0,0,0,0,0
21.5,['note_on'],[0],[47],[36],pp,0,1,0,0,0,0
21.6,"['note_on', 'note_on', 'note_on', 'note_on', 'note_on', 'note_on']","[0, 0, 0, 0, 0, 0]","[69, 40, 57, 68, 59, 67]","[49, 67, 42, 27, 53, 51]",pp,0,6,0,0,0,0
21.7,[],[],[],[],,0,0,0,0,0,0
21.8,[],[],[],[],,0,0,0,0,0,0
21.9,[],[],[],[],,0,0,0,0,0,0
22.0,[],[],[],[],,0,0,0,0,0,0
22.1,['note_on'],[0],[71],[80],mf,1,1,0,0,0,0
22.2,"['note_on', 'note_on', 'note_on']","[0, 0, 0]","[54, 47, 59]","[69, 47, 45]",p,0,3,0,0,0,0
22.3,[],[],[],[],,0,0,0,0,0,0
22.4,[],[],[],[],,0,0,0,0,0,0
22.5,[],[],[],[],,0,0,0,0,0,0
22.6,[],[],[],[],,0,0,0,0,0,0
22.7,[],[],[],[],,0,0,0,0,0,0
22.8,"['note_on', 'note_on', 'note_on']","[0, 0, 0]","[52, 40, 64]","[68, 60, 70]",mp,0,3,0,0,0,0
22.9,[],[],[],[],,0,0,0,0,0,0
23.0,[],[],[],[],,0,0,0,0,0,0
23.1,[],[],[],[],,0,0,0,0,0,0
23.2,[],[],[],[],,0,0,0,0,0,0
23.3,[],[],[],[],,0,0,0,0,0,0
23.4,"['note_on', 'note_on', 'note_on', 'note_on', 'note_on']","[0, 0, 0, 0, 0]","[64, 56, 52, 59, 40]","[68, 47, 57, 49, 58]",p,0,5,0,0,0,0
23.5,[],[],[],[],,0,0,0,0,0,0
23.6,[],[],[],[],,0,0,0,0,0,0
23.7,[],[],[],[],,0,0,0,0,0,0
23.8,[],[],[],[],,0,0,0,0,0,0
23.9,[],[],[],[],,0,0,0,0,0,0
24.0,"['note_on', 'note_on', 'note_on', 'note_on', 'note_on']","[0, 0, 0, 0, 0]","[52, 40, 64, 59, 56]","[63, 67, 70, 68, 64]",mp,0,5,0,0,0,0
24.1,[],[],[],[],,0,0,0,0,0,0
24.2,[],[],[],[],,0,0,0,0,0,0
24.3,[],[],[],[],,0,0,0,0,0,0
24.4,[],[],[],[],,0,0,0,0,0,0
24.5,[],[],[],[],,0,0,0,0,0,0
24.6,[],[],[],[],,0,0,0,0,0,0
24.7,[],[],[],[],,0,0,0,0,0,0
24.8,[],[],[],[],,0,0,0,0,0,0
24.9,"['note_on', 'note_on', 'note_on']","[0, 0, 0]","[81, 57, 69]","[95, 68, 85]",mf,1,3,0,0,0,0
25.0,[],[],[],[],,0,0,0,0,0,0
25.1,[],[],[],[],,0,0,0,0,0,0
25.2,"['note_on', 'note_on', 'note_on']","[0, 0, 0]","[76, 52, 64]","[100, 77, 97]",f,1,3,0,0,0,0
25.3,[],[],[],[],,0,0,0,0,0,0
25.4,[],[],[],[],,0,0,0,0,0,0
25.5,[],[],[],[],,0,0,0,0,0,0
25.6,[],[],[],[],,0,0,0,0,0,0
25.7,[],[],[],[],,0,0,0,0,0,0
25.8,[],[],[],[],,0,0,0,0,0,0
25.9,[],[],[],[],,0,0,0,0,0,0
26.0,[],[],[],[],,0,0,0,0,0,0
26.1,"['note_on', 'note_on', 'note_on']","[0, 0, 0]","[52, 64, 50]","[55, 70, 60]",p,0,3,0,0,0,0
26.2,"['note_on', 'note_on', 'note_on']","[0, 0, 0]","[62, 49, 61]","[65, 71, 55]",mp,0,3,0,0,0,0
26.3,"['note_on', 'note_on']","[0, 0]","[47, 59]","[55, 63]",p,0,2,0,0,0,0
26.4,"['note_on', 'note_on']","[0, 0]","[45, 57]","[80, 87]",mf,1,2,0,0,0,0
26.5,[],[],[],[],,0,0,0,0,0,0
26.6,[],[],[],[],,0,0,0,0,0,0
26.7,[],[],[],[],,0,0,0,0,0,0
26.8,[],[],[],[],,0,0,0,0,0,0
26.9,[],[],[],[],,0,0,0,0,0,0
27.0,[],[],[],[],,0,0,0,0,0,0
27.1,[],[],[],[],,0,0,0,0,0,0
27.2,[],[],[],[],,0,0,0,0,0,0
27.3,['note_on'],[0],[33],[62],mp,0,1,0,0,0,0
27.4,['note_on'],[0],[37],[77],mf,1,1,0,0,0,0
27.5,"['note_on', 'note_on']","[0, 0]","[40, 45]","[69, 87]",mf,1,2,0,0,0,0
27.6,[],[],[],[],,0,0,0,0,0,0
27.7,[],[],[],[],,0,0,0,0,0,0
27.8,['note_on'],[0],[47],[75],mf,0,1,0,0,0,0
27.9,[],[],[],[],,0,0,0,0,0,0
28.0,[],[],[],[],,0,0,0,0,0,0
28.1,['note_on'],[0],[49],[86],mf,1,1,0,0,0,0
28.2,[],[],[],[],,0,0,0,0,0,0
28.3,[],[],[],[],,0,0,0,0,0,0
28.4,['note_on'],[0],[50],[87],mf,1,1,0,0,0,0
28.5,[],[],[],[],,0,0,0,0,0,0
28.6,[],[],[],[],,0,0,0,0,0,0
28.7,['note_on'],[0],[52],[87],mf,1,1,0,0,0,0
28.8,[],[],[],[],,0,0,0,0,0,0
28.9,[],[],[],[],,0,0,0,0,0,0
29.0,['note_on'],[0],[54],[77],mf,1,1,0,0,0,0
29.1,[],[],[],[],,0,0,0,0,0,0
29.2,[],[],[],[],,0,0,0,0,0,0
29.3,['note_on'],[0],[56],[91],f,1,1,0,0,0,0
29.4,[],[],[],[],,0,0,0,0,0,0
29.5,[],[],[],[],,0,0,0,0,0,0
29.6,"['note_on', 'note_on']","[0, 0]","[57, 59]","[47, 55]",p,0,2,0,0,0,0
29.7,[],[],[],[],,0,0,0,0,0,0
29.8,[],[],[],[],,0,0,0,0,0,0
29.9,"['note_on', 'note_on']","[0, 0]","[59, 57]","[88, 93]",f,1,2,0,0,0,0
30.0,[],[],[],[],,0,0,0,0,0,0
30.1,[],[],[],[],,0,0,0,0,0,0
30.2,"['note_on', 'note_on']","[0, 0]","[56, 64]","[67, 41]",p,0,2,0,0,0,0
30.3,[],[],[],[],,0,0,0,0,0,0
30.4,[],[],[],[],,0,0,0,0,0,0
30.5,"['note_on', 'note_on']","[0, 0]","[57, 66]","[58, 58]",p,0,2,0,0,0,0
30.6,[],[],[],[],,0,0,0,0,0,0
30.7,[],[],[],[],,0,0,0,0,0,0
30.8,"['note_on', 'note_on', 'note_on']","[0, 0, 0]","[52, 68, 59]","[60, 60, 55]",p,0,3,0,0,0,0
30.9,[],[],[],[],,0,0,0,0,0,0
31.0,[],[],[],[],,0,0,0,0,0,0
31.1,"['note_on', 'note_on', 'note_on']","[0, 0, 0]","[51, 69, 61]","[64, 80, 46]",mp,0,3,0,0,0,0
31.2,[],[],[],[],,0,0,0,0,0,0
31.3,[],[],[],[],,0,0,0,0,0,0
31.4,"['note_on', 'note_on']","[0, 0]","[52, 64]","[58, 60]",p,0,2,0,0,0,0
31.5,[],[],[],[],,0,0,0,0,0,0
31.6,[],[],[],[],,0,0,0,0,0,0
31.7,"['note_on', 'note_on']","[0, 0]","[49, 69]","[62, 70]",mp,0,2,0,0,0,0
31.8,[],[],[],[],,0,0,0,0,0,0
31.9,[],[],[],[],,0,0,0,0,0,0
32.0,"['note_on', 'note_on']","[0, 0]","[47, 73]","[65, 71]",mp,0,2,0,0,0,0
32.1,[],[],[],[],,0,0,0,0,0,0
32.2,[],[],[],[],,0,0,0,0,0,0
32.3,"['note_on', 'note_on', 'note_on']","[0, 0, 0]","[44, 71, 76]","[77, 65, 70]",mp,0,3,0,0,0,0
32.4,['note_on'],[0],[68],[31],ppp,0,1,0,0,0,0
32.5,[],[],[],[],,0,0,0,0,0,0
32.6,['note_on'],[0],[52],[75],mf,0,1,0,0,0,0
32.7,['note_on'],[0],[68],[23],ppp,0,1,0,0,0,0
32.8,[],[],[],[],,0,0,0,0,0,0
32.9,['note_on'],[0],[54],[74],mp,0,1,0,0,0,0
33.0,[],[],[],[],,0,0,0,0,0,0
33.1,[],[],[],[],,0,0,0,0,0,0
33.2,['note_on'],[0],[56],[59],p,0,1,0,0,0,0
33.3,"['note_on', 'note_on']","[0, 0]","[74, 71]","[68, 67]",mp,0,2,0,0,0,0
33.4,[],[],[],[],,0,0,0,0,0,0
33.5,['note_on'],[0],[73],[69],mp,0,1,0,0,0,0
33.6,"['note_on', 'note_on']","[0, 0]","[57, 64]","[67, 39]",p,0,2,0,0,0,0
33.7,[],[],[],[],,0,0,0,0,0,0
33.8,[],[],[],[],,0,0,0,0,0,0
33.9,['note_on'],[0],[52],[65],mp,0,1,0,0,0,0
34.0,[],[],[],[],,0,0,0,0,0,0
34.1,['note_on'],[0],[57],[70],mp,0,1,0,0,0,0
34.2,[],[],[],[],,0,0,0,0,0,0
34.3,[],[],[],[],,0,0,0,0,0,0
34.4,['note_on'],[0],[61],[77],mf,1,1,0,0,0,0
34.5,[],[],[],[],,0,0,0,0,0,0
34.6,[],[],[],[],,0,0,0,0,0,0
34.7,['note_on'],[0],[64],[73],mp,0,1,0,0,0,0
34.8,[],[],[],[],,0,0,0,0,0,0
34.9,[],[],[],[],,0,0,0,0,0,0
35.0,"['note_on', 'note_on']","[0, 0]","[76, 68]","[58, 71]",mp,0,2,0,0,0,0
35.1,[],[],[],[],,0,0,0,0,0,0
35.2,[],[],[],[],,0,0,0,0,0,0
35.3,"['note_on', 'note_on']","[0, 0]","[69, 78]","[67, 71]",mp,0,2,0,0,0,0
35.4,[],[],[],[],,0,0,0,0,0,0
35.5,[],[],[],[],,0,0,0,0,0,0
35.6,"['note_on', 'note_on', 'note_on']","[0, 0, 0]","[80, 71, 61]","[67, 73, 69]",mp,0,3,0,0,0,0
35.7,[],[],[],[],,0,0,0,0,0,0
35.8,[],[],[],[],,0,0,0,0,0,0
35.9,"['note_on', 'note_on', 'note_on']","[0, 0, 0]","[61, 81, 73]","[96, 90, 85]",f,1,3,0,0,0,0
36.0,[],[],[],[],,0,0,0,0,0,0
36.1,[],[],[],[],,0,0,0,0,0,0
36.2,"['note_on', 'note_on', 'note_on']","[0, 0, 0]","[76, 83, 56]","[80, 88, 78]",mf,1,3,0,0,0,0
36.3,[],[],[],[],,0,0,0,0,0,0
36.4,[],[],[],[],,0,0,0,0,0,0
36.5,"['note_on', 'note_on', 'note_on']","[0, 0, 0]","[57, 85, 81]","[77, 89, 77]",mf,1,3,0,0,0,0
36.6,[],[],[],[],,0,0,0,0,0,0
36.7,[],[],[],[],,0,0,0,0,0,0
36.8,"['note_on', 'note_on', 'note_on']","[0, 0, 0]","[54, 83, 86]","[88, 83, 93]",f,1,3,0,0,0,0
36.9,[],[],[],[],,0,0,0,0,0,0
37.0,[],[],[],[],,0,0,0,0,0,0
37.1,"['note_on', 'note_on', 'note_on']","[0, 0, 0]","[52, 88, 85]","[87, 100, 98]",f,1,3,0,0,0,0
37.2,[],[],[],[],,0,0,0,0,0,0
37.3,[],[],[],[],,0,0,0,0,0,0
37.4,[],[],[],[],,0,0,0,0,0,0
37.5,[],[],[],[],,0,0,0,0,0,0
37.6,[],[],[],[],,0,0,0,0,0,0
37.7,"['note_on', 'note_on', 'note_on', 'note_on', 'note_on']","[0, 0, 0, 0, 0]","[80, 40, 71, 74, 76]","[97, 84, 83, 57, 45]",mp,0,5,0,0,0,0
37.8,[],[],[],[],,0,0,0,0,0,0
37.9,[],[],[],[],,0,0,0,0,0,0
38.0,[],[],[],[],,0,0,0,0,0,0
38.1,[],[],[],[],,0,0,0,0,0,0
38.2,[],[],[],[],,0,0,0,0,0,0
38.3,"['note_on', 'note_on', 'note_on', 'note_on']","[0, 0, 0, 0]","[45, 81, 76, 73]","[73, 90, 83, 78]",mf,1,4,0,0,0,0
38.4,['note_on'],[0],[49],[84],mf,1,1,0,0,0,0
38.5,['note_on'],[0],[50],[53],p,0,1,0,0,0,0
38.6,['note_on'],[0],[52],[83],mf,1,1,0,0,0,0
38.7,['note_on'],[0],[54],[62],mp,0,1,0,0,0,0
38.8,['note_on'],[0],[56],[69],mp,0,1,0,0,0,0
38.9,['note_on'],[0],[57],[68],mp,0,1,0,0,0,0
39.0,['note_on'],[0],[61],[67],mp,0,1,0,0,0,0
39.1,[],[],[],[],,0,0,0,0,0,0
39.2,"['note_on', 'note_on']","[0, 0]","[62, 64]","[49, 63]",p,0,2,0,0,0,0
39.3,['note_on'],[0],[66],[63],mp,0,1,0,0,0,0
39.4,[],[],[],[],,0,0,0,0,0,0
39.5,"['note_on', 'note_on']","[0, 0]","[67, 69]","[60, 90]",mf,0,2,0,0,0,0
39.6,[],[],[],[],,0,0,0,0,0,0
39.7,[],[],[],[],,0,0,0,0,0,0
39.8,['note_on'],[0],[71],[98],f,1,1,0,0,0,0
39.9,[],[],[],[],,0,0,0,0,0,0
40.0,[],[],[],[],,0,0,0,0,0,0
40.1,['note_on'],[0],[72],[93],f,1,1,0,0,0,0
40.2,[],[],[],[],,0,0,0,0,0,0
40.3,[],[],[],[],,0,0,0,0,0,0
40.4,['note_on'],[0],[71],[87],mf,1,1,0,0,0,0
40.5,[],[],[],[],,0,0,0,0,0,0
40.6,[],[],[],[],,0,0,0,0,0,0
40.7,"['note_on', 'note_on']","[0, 0]","[64, 62]","[70, 51]",p,0,2,0,0,0,0
40.8,[],[],[],[],,0,0,0,0,0,0
40.9,"['note_on', 'note_on']","[0, 0]","[68, 69]","[54, 68]",p,0,2,0,0,0,0
41.0,['note_on'],[0],[61],[77],mf,1,1,0,0,0,0
41.1,['note_on'],[0],[71],[83],mf,1,1,0,0,0,0
41.2,['note_on'],[0],[73],[56],p,0,1,0,0,0,0
41.3,"['note_on', 'note_on']","[0, 0]","[74, 59]","[41, 87]",mp,0,2,0,0,0,0
41.4,['note_on'],[0],[76],[77],mf,1,1,0,0,0,0
41.5,['note_on'],[0],[80],[63],mp,0,1,0,0,0,0
41.6,"['note_on', 'note_on']","[0, 0]","[81, 57]","[65, 73]",mp,0,2,0,0,0,0
41.7,['note_on'],[0],[83],[88],f,1,1,0,0,0,0
41.8,['note_on'],[0],[85],[67],mp,0,1,0,0,0,0
41.9,"['note_on', 'note_on']","[0, 0]","[86, 88]","[60, 100]",mf,1,2,0,0,0,0
42.0,['note_on'],[0],[56],[81],mf,1,1,0,0,0,0
42.1,[],[],[],[],,0,0,0,0,0,0
42.2,[],[],[],[],,0,0,0,0,0,0
42.3,"['note_on', 'note_on']","[0, 0]","[86, 54]","[85, 81]",mf,1,2,0,0,0,0
42.4,[],[],[],[],,0,0,0,0,0,0
42.5,[],[],[],[],,0,0,0,0,0,0
42.6,"['note_on', 'note_on', 'note_on']","[0, 0, 0]","[85, 52, 50]","[87, 47, 42]",p,0,3,0,0,0,0
42.7,[],[],[],[],,0,0,0,0,0,0
42.8,[],[],[],[],,0,0,0,0,0,0
42.9,"['note_on', 'note_on']","[0, 0]","[50, 83]","[75, 88]",mf,1,2,0,0,0,0
43.0,[],[],[],[],,0,0,0,0,0,0
43.1,[],[],[],[],,0,0,0,0,0,0
43.2,"['note_on', 'note_on']","[0, 0]","[49, 81]","[78, 80]",mf,1,2,0,0,0,0
43.3,['note_on'],[0],[52],[67],mp,0,1,0,0,0,0
43.4,['note_on'],[0],[54],[84],mf,1,1,0,0,0,0
43.5,['note_on'],[0],[56],[69],mp,0,1,0,0,0,0
43.6,['note_on'],[0],[57],[63],mp,0,1,0,0,0,0
43.7,['note_on'],[0],[59],[49],p,0,1,0,0,0,0
43.8,['note_on'],[0],[61],[69],mp,0,1,0,0,0,0
43.9,['note_on'],[0],[64],[45],pp,0,1,0,0,0,0
44.0,['note_on'],[0],[66],[85],mf,1,1,0,0,0,0
44.1,"['note_on', 'note_on']","[0, 0]","[68, 70]","[60, 58]",p,0,2,0,0,0,0
44.2,[],[],[],[],,0,0,0,0,0,0
44.3,['note_on'],[0],[71],[28],ppp,0,1,0,0,0,0
44.4,['note_on'],[0],[73],[87],mf,1,1,0,0,0,0
44.5,[],[],[],[],,0,0,0,0,0,0
44.6,[],[],[],[],,0,0,0,0,0,0
44.7,"['note_on', 'note_on']","[0, 0]","[74, 72]","[78, 67]",mp,0,2,0,0,0,0
44.8,[],[],[],[],,0,0,0,0,0,0
44.9,[],[],[],[],,0,0,0,0,0,0
45.0,['note_on'],[0],[73],[85],mf,1,1,0,0,0,0
45.1,[],[],[],[],,0,0,0,0,0,0
45.2,[],[],[],[],,0,0,0,0,0,0
45.3,"['note_on', 'note_on']","[0, 0]","[72, 74]","[68, 58]",mp,0,2,0,0,0,0
45.4,[],[],[],[],,0,0,0,0,0,0
45.5,[],[],[],[],,0,0,0,0,0,0
45.6,['note_on'],[0],[69],[87],mf,1,1,0,0,0,0
45.7,['note_on'],[0],[71],[70],mp,0,1,0,0,0,0
45.8,['note_on'],[0],[73],[74],mp,0,1,0,0,0,0
45.9,"['note_on', 'note_on']","[0, 0]","[68, 75]","[74, 76]",mf,0,2,0,0,0,0
46.0,[],[],[],[],,0,0,0,0,0,0
46.1,"['note_on', 'note_on']","[0, 0]","[76, 77]","[70, 75]",mp,0,2,0,0,0,0
46.2,"['note_on', 'note_on']","[0, 0]","[66, 78]","[89, 74]",mf,1,2,0,0,0,0
46.3,['note_on'],[0],[75],[65],mp,0,1,0,0,0,0
46.4,['note_on'],[0],[76],[67],mp,0,1,0,0,0,0
46.5,"['note_on', 'note_on']","[0, 0]","[64, 78]","[75, 67]",mp,0,2,0,0,0,0
46.6,['note_on'],[0],[80],[60],p,0,1,0,0,0,0
46.7,['note_on'],[0],[81],[48],pp,0,1,0,0,0,0
46.8,"['note_on', 'note_on']","[0, 0]","[83, 63]","[88, 74]",mf,1,2,0,0,0,0
46.9,[],[],[],[],,0,0,0,0,0,0
47.0,[],[],[],[],,0,0,0,0,0,0
47.1,"['note_on', 'note_on']","[0, 0]","[81, 61]","[80, 71]",mf,0,2,0,0,0,0
47.2,[],[],[],[],,0,0,0,0,0,0
47.3,[],[],[],[],,0,0,0,0,0,0
47.4,"['note_on', 'note_on']","[0, 0]","[80, 59]","[80, 45]",mp,0,2,0,0,0,0
47.5,[],[],[],[],,0,0,0,0,0,0
47.6,[],[],[],[],,0,0,0,0,0,0
47.7,"['note_on', 'note_on']","[0, 0]","[78, 57]","[80, 63]",mp,0,2,0,0,0,0
47.8,[],[],[],[],,0,0,0,0,0,0
47.9,[],[],[],[],,0,0,0,0,0,0
48.0,"['note_on', 'note_on']","[0, 0]","[76, 56]","[78, 59]",mp,0,2,0,0,0,0
48.1,[],[],[],[],,0,0,0,0,0,0
48.2,[],[],[],[],,0,0,0,0,0,0
48.3,"['note_on', 'note_on']","[0, 0]","[54, 75]","[71, 78]",mp,0,2,0,0,0,0
48.4,[],[],[],[],,0,0,0,0,0,0
48.5,[],[],[],[],,0,0,0,0,0,0
48.6,"['note_on', 'note_on']","[0, 0]","[73, 52]","[83, 53]",mp,0,2,0,0,0,0
48.7,[],[],[],[],,0,0,0,0,0,0
48.8,[],[],[],[],,0,0,0,0,0,0
48.9,"['note_on', 'note_on']","[0, 0]","[71, 51]","[78, 74]",mf,1,2,0,0,0,0
49.0,[],[],[],[],,0,0,0,0,0,0
49.1,[],[],[],[],,0,0,0,0,0,0
49.2,"['note_on', 'note_on']","[0, 0]","[70, 49]","[87, 81]",mf,1,2,0,0,0,0
49.3,[],[],[],[],,0,0,0,0,0,0
49.4,[],[],[],[],,0,0,0,0,0,0
49.5,"['note_on', 'note_on']","[0, 0]","[47, 68]","[68, 76]",mp,0,2,0,0,0,0
49.6,[],[],[],[],,0,0,0,0,0,0
49.7,[],[],[],[],,0,0,0,0,0,0
49.8,"['note_on', 'note_on']","[0, 0]","[46, 66]","[67, 80]",mp,0,2,0,0,0,0
49.9,[],[],[],[],,0,0,0,0,0,0
50.0,[],[],[],[],,0,0,0,0,0,0
50.1,"['note_on', 'note_on']","[0, 0]","[42, 64]","[65, 73]",mp,0,2,0,0,0,0
50.2,[],[],[],[],,0,0,0,0,0,0
50.3,[],[],[],[],,0,0,0,0,0,0
50.4,"['note_on', 'note_on']","[0, 0]","[47, 63]","[58, 41]",p,0,2,0,0,0,0
50.5,[],[],[],[],,0,0,0,0,"[2, 22, 38, 58, 70]",0
50.6,[],[],[],[],,0,0,0,0,"[84, 96, 106, 114, 120, 124, 127]",0
50.7,['note_on'],[0],[61],[49],p,0,1,0,0,0,0
50.8,[],[],[],[],,0,0,0,0,0,0
50.9,[],[],[],[],,0,0,0,0,0,0
51.0,"['note_on', 'note_on']","[0, 0]","[63, 59]","[57, 51]",p,0,2,0,0,"[124, 110, 90, 62, 24, 0]",0
51.1,[],[],[],[],,0,0,0,0,0,0
51.2,[],[],[],[],,0,0,0,0,"[2, 12, 20, 26]",0
51.3,['note_on'],[0],[57],[58],p,0,1,0,0,"[30, 34, 36, 40, 42, 44, 46, 48]",0
51.4,[],[],[],[],,0,0,0,0,"[50, 52, 56, 58, 62, 65, 68, 72, 74, 76]",0
51.5,[],[],[],[],,0,0,0,0,"[78, 76, 74, 68, 62, 48]",0
51.6,"['note_on', 'note_on']","[0, 0]","[64, 56]","[53, 47]",p,0,2,0,0,0,0
51.7,[],[],[],[],,0,0,0,0,"[4, 18, 30, 44]",0
51.8,[],[],[],[],,0,0,0,0,"[58, 65, 72, 78, 84, 88, 90, 92, 94]",0
51.9,['note_on'],[0],[54],[57],p,0,1,0,0,"[96, 98, 100, 102, 104, 106, 108, 110, 112, 114]",0
52.0,[],[],[],[],,0,0,0,0,"[116, 118, 120, 122]",0
52.1,[],[],[],[],,0,0,0,0,"[120, 116, 112, 106, 98, 88]",0
52.2,"['note_on', 'note_on']","[0, 0]","[52, 57]","[44, 33]",pp,0,2,0,0,"[68, 24, 0]",0
52.3,[],[],[],[],,0,0,0,0,0,0
52.4,[],[],[],[],,0,0,0,0,"[1, 10, 20, 28, 38, 48, 56, 60, 64, 66]",0
52.5,['note_on'],[0],[54],[46],pp,0,1,0,0,"[70, 72, 74, 76, 78, 80, 82, 84, 86, 88]",0
52.6,[],[],[],[],,0,0,0,0,"[90, 92, 94]",0
52.7,[],[],[],[],,0,0,0,0,"[92, 90, 86, 78, 64]",0
52.8,"['note_on', 'note_on', 'note_on']","[0, 0, 0]","[59, 51, 35]","[63, 59, 58]",p,0,3,0,0,"[46, 20, 0]",0
52.9,[],[],[],[],,0,0,0,0,2,0
53.0,[],[],[],[],,0,0,0,0,"[12, 22, 32, 42, 48, 54, 58, 60, 62]",0
53.1,[],[],[],[],,0,0,0,0,"[65, 66, 68, 70, 74, 76, 78, 80, 84, 86]",0
53.2,[],[],[],[],,0,0,0,0,"[88, 92, 94, 96, 98, 100]",0
53.3,[],[],[],[],,0,0,0,0,"[98, 96, 94, 90]",0
53.4,"['note_on', 'note_on']","[0, 0]","[49, 51]","[71, 74]",mp,0,2,0,0,"[82, 72, 60, 44, 30, 18, 8, 1, 0, 2]",0
53.5,[],[],[],[],,0,0,0,0,"[6, 14, 20, 28, 38, 44, 54, 60, 64, 68]",0
53.6,[],[],[],[],,0,0,0,0,"[74, 78, 82, 88, 90, 92, 96, 98]",0
53.7,[],[],[],[],,0,0,0,0,"[100, 102, 104, 106]",0
53.8,[],[],[],[],,0,0,0,0,"[108, 110]",0
53.9,[],[],[],[],,0,0,0,0,"[108, 106, 102, 96, 86, 68, 48]",0
54.0,"['note_on', 'note_on', 'note_on']","[0, 0, 0]","[37, 49, 54]","[57, 55, 46]",p,0,3,0,0,"[22, 0]",0
54.1,[],[],[],[],,0,0,0,0,0,0
54.2,[],[],[],[],,0,0,0,0,"[1, 8, 16, 22, 30, 38, 46, 52, 58, 60]",0
54.3,[],[],[],[],,0,0,0,0,"[62, 64, 66, 70, 72, 74, 78, 80, 82, 84]",0
54.4,[],[],[],[],,0,0,0,0,"[86, 88, 90]",0
54.5,[],[],[],[],,0,0,0,0,"[88, 82, 72]",0
54.6,"['note_on', 'note_on']","[0, 0]","[39, 52]","[57, 48]",p,0,2,0,0,"[56, 32, 8, 0]",0
54.7,[],[],[],[],,0,0,0,0,0,0
54.8,[],[],[],[],,0,0,0,0,"[8, 20, 28, 42, 52, 60, 62, 66, 70]",0
54.9,[],[],[],[],,0,0,0,0,"[72, 74, 76, 78, 80, 82, 86, 88]",0
55.0,[],[],[],[],,0,0,0,0,"[92, 94, 96, 98]",0
55.1,[],[],[],[],,0,0,0,0,"[96, 94, 90, 88, 78]",0
55.2,['note_on'],[0],[35],[45],pp,0,1,0,0,"[64, 46, 24, 1, 0]",0
55.3,[],[],[],[],,0,0,0,0,0,0
55.4,[],[],[],[],,0,0,0,0,0,0
55.5,['note_on'],[0],[39],[61],p,0,1,0,0,0,0
55.6,[],[],[],[],,0,0,0,0,0,0
55.7,[],[],[],[],,0,0,0,0,0,0
55.8,['note_on'],[0],[42],[51],p,0,1,0,0,0,0
55.9,[],[],[],[],,0,0,0,0,0,0
56.0,[],[],[],[],,0,0,0,0,0,0
56.1,['note_on'],[0],[46],[46],pp,0,1,0,0,0,0
56.2,[],[],[],[],,0,0,0,0,0,0
56.3,[],[],[],[],,0,0,0,0,0,0
56.4,['note_on'],[0],[47],[63],mp,0,1,0,0,0,0
56.5,[],[],[],[],,0,0,0,0,0,0
56.6,[],[],[],[],,0,0,0,0,0,0
56.7,['note_on'],[0],[51],[67],mp,0,1,0,0,0,0
56.8,[],[],[],[],,0,0,0,0,0,0
56.9,[],[],[],[],,0,0,0,0,0,0
57.0,['note_on'],[0],[54],[52],p,0,1,0,0,0,0
57.1,[],[],[],[],,0,0,0,0,0,0
57.2,[],[],[],[],,0,0,0,0,0,0
57.3,['note_on'],[0],[58],[55],p,0,1,0,0,0,0
57.4,[],[],[],[],,0,0,0,0,0,0
57.5,[],[],[],[],,0,0,0,0,0,0
57.6,['note_on'],[0],[59],[55],p,0,1,0,0,0,0
57.7,[],[],[],[],,0,0,0,0,0,0
57.8,[],[],[],[],,0,0,0,0,0,0
57.9,['note_on'],[0],[58],[64],mp,0,1,0,0,0,0
58.0,[],[],[],[],,0,0,0,0,0,0
58.1,[],[],[],[],,0,0,0,0,0,0
58.2,['note_on'],[0],[59],[63],mp,0,1,0,0,0,0
58.3,[],[],[],[],,0,0,0,0,0,0
58.4,[],[],[],[],,0,0,0,0,0,0
58.5,['note_on'],[0],[59],[45],pp,0,1,0,0,0,0
58.6,[],[],[],[],,0,0,0,0,0,0
58.7,[],[],[],[],,0,0,0,0,0,0
58.8,['note_on'],[0],[60],[53],p,0,1,0,0,0,0
58.9,[],[],[],[],,0,0,0,0,0,0
59.0,[],[],[],[],,0,0,0,0,0,0
59.1,['note_on'],[0],[59],[63],mp,0,1,0,0,0,0
59.2,[],[],[],[],,0,0,0,0,0,0
59.3,[],[],[],[],,0,0,0,0,0,0
59.4,['note_on'],[0],[63],[57],p,0,1,0,0,0,0
59.5,[],[],[],[],,0,0,0,0,0,0
59.6,[],[],[],[],,0,0,0,0,0,0
59.7,['note_on'],[0],[66],[49],p,0,1,0,0,0,0
59.8,[],[],[],[],,0,0,0,0,0,0
59.9,[],[],[],[],,0,0,0,0,0,0
60.0,['note_on'],[0],[57],[58],p,0,1,0,0,0,0
60.1,[],[],[],[],,0,0,0,0,0,0
60.2,[],[],[],[],,0,0,0,0,0,0
60.3,['note_on'],[0],[56],[59],p,0,1,0,0,0,0
60.4,[],[],[],[],,0,0,0,0,0,0
60.5,[],[],[],[],,0,0,0,0,0,0
60.6,['note_on'],[0],[57],[63],mp,0,1,0,0,0,0
60.7,[],[],[],[],,0,0,0,0,0,0
60.8,[],[],[],[],,0,0,0,0,0,0
60.9,['note_on'],[0],[59],[57],p,0,1,0,0,0,0
61.0,[],[],[],[],,0,0,0,0,0,0
61.1,[],[],[],[],,0,0,0,0,0,0
61.2,['note_on'],[0],[60],[60],p,0,1,0,0,0,0
61.3,[],[],[],[],,0,0,0,0,0,0
61.4,[],[],[],[],,0,0,0,0,0,0
61.5,['note_on'],[0],[62],[63],mp,0,1,0,0,0,0
61.6,[],[],[],[],,0,0,0,0,0,0
61.7,[],[],[],[],,0,0,0,0,0,0
61.8,['note_on'],[0],[64],[67],mp,0,1,0,0,0,0
61.9,[],[],[],[],,0,0,0,0,0,0
62.0,[],[],[],[],,0,0,0,0,0,0
62.1,['note_on'],[0],[67],[70],mp,0,1,0,0,0,0
62.2,[],[],[],[],,0,0,0,0,0,0
62.3,[],[],[],[],,0,0,0,0,0,0
62.4,['note_on'],[0],[55],[70],mp,0,1,0,0,0,0
62.5,[],[],[],[],,0,0,0,0,0,0
62.6,[],[],[],[],,0,0,0,0,0,0
62.7,['note_on'],[0],[54],[49],p,0,1,0,0,0,0
62.8,[],[],[],[],,0,0,0,0,0,0
62.9,[],[],[],[],,0,0,0,0,0,0
63.0,['note_on'],[0],[55],[63],mp,0,1,0,0,0,0
63.1,[],[],[],[],,0,0,0,0,0,0
63.2,[],[],[],[],,0,0,0,0,0,0
63.3,"['note_on', 'note_on']","[0, 0]","[60, 62]","[45, 51]",pp,0,2,0,0,0,0
63.4,[],[],[],[],,0,0,0,0,0,0
63.5,[],[],[],[],,0,0,0,0,0,0
63.6,['note_on'],[0],[64],[60],p,0,1,0,0,0,0
63.7,[],[],[],[],,0,0,0,0,0,0
63.8,[],[],[],[],,0,0,0,0,0,0
63.9,['note_on'],[0],[67],[65],mp,0,1,0,0,0,0
64.0,[],[],[],[],,0,0,0,0,0,0
64.1,[],[],[],[],,0,0,0,0,0,0
64.2,['note_on'],[0],[71],[78],mf,1,1,0,0,0,0
64.3,[],[],[],[],,0,0,0,0,0,0
64.4,[],[],[],[],,0,0,0,0,0,0
64.5,['note_on'],[0],[69],[63],mp,0,1,0,0,0,0
64.6,[],[],[],[],,0,0,0,0,0,0
64.7,[],[],[],[],,0,0,0,0,0,0
64.8,['note_on'],[0],[51],[64],mp,0,1,0,0,0,0
64.9,[],[],[],[],,0,0,0,0,0,0
65.0,[],[],[],[],,0,0,0,0,0,0
65.1,['note_on'],[0],[54],[55],p,0,1,0,0,0,0
65.2,[],[],[],[],,0,0,0,0,0,0
65.3,[],[],[],[],,0,0,0,0,0,0
65.4,[],[],[],[],,0,0,0,0,0,0
65.5,['note_on'],[0],[57],[49],p,0,1,0,0,0,0
65.6,[],[],[],[],,0,0,0,0,0,0
65.7,['note_on'],[0],[59],[55],p,0,1,0,0,0,0
65.8,[],[],[],[],,0,0,0,0,0,0
65.9,[],[],[],[],,0,0,0,0,0,0
66.0,"['note_on', 'note_on', 'note_on', 'note_on']","[0, 0, 0, 0]","[63, 51, 60, 54]","[62, 24, 48, 25]",pp,0,4,0,0,0,0
66.1,[],[],[],[],,0,0,0,0,0,0
66.2,['note_on'],[0],[63],[23],ppp,0,1,0,0,0,0
66.3,"['note_on', 'note_on']","[0, 0]","[66, 54]","[71, 21]",pp,0,2,0,0,0,0
66.4,[],[],[],[],,0,0,0,0,0,0
66.5,['note_on'],[0],[57],[18],ppp,0,1,0,0,0,0
66.6,['note_on'],[0],[69],[70],mp,0,1,0,0,0,0
66.7,[],[],[],[],,0,0,0,0,0,0
66.8,[],[],[],[],,0,0,0,0,0,0
66.9,['note_on'],[0],[71],[67],mp,0,1,0,0,0,0
67.0,[],[],[],[],,0,0,0,0,0,0
67.1,[],[],[],[],,0,0,0,0,0,0
67.2,['note_on'],[0],[72],[63],mp,0,1,0,0,0,0
67.3,[],[],[],[],,0,0,0,0,0,0
67.4,[],[],[],[],,0,0,0,0,0,0
67.5,['note_on'],[0],[71],[60],p,0,1,0,0,0,0
67.6,[],[],[],[],,0,0,0,0,0,0
67.7,[],[],[],[],,0,0,0,0,0,0
67.8,['note_on'],[0],[74],[68],mp,0,1,0,0,0,0
67.9,[],[],[],[],,0,0,0,0,0,0
68.0,[],[],[],[],,0,0,0,0,0,0
68.1,['note_on'],[0],[72],[60],p,0,1,0,0,0,0
68.2,[],[],[],[],,0,0,0,0,0,0
68.3,[],[],[],[],,0,0,0,0,0,0
68.4,"['note_on', 'note_on']","[0, 0]","[71, 59]","[65, 48]",p,0,2,0,0,0,0
68.5,[],[],[],[],,0,0,0,0,0,0
68.6,[],[],[],[],,0,0,0,0,0,0
68.7,['note_on'],[0],[69],[60],p,0,1,0,0,0,0
68.8,[],[],[],[],,0,0,0,0,0,0
68.9,[],[],[],[],,0,0,0,0,0,0
69.0,"['note_on', 'note_on']","[0, 0]","[57, 67]","[46, 49]",pp,0,2,0,0,0,0
69.1,[],[],[],[],,0,0,0,0,0,0
69.2,[],[],[],[],,0,0,0,0,0,0
69.3,['note_on'],[0],[66],[56],p,0,1,0,0,0,0
69.4,[],[],[],[],,0,0,0,0,0,0
69.5,[],[],[],[],,0,0,0,0,0,0
69.6,"['note_on', 'note_on', 'note_on']","[0, 0, 0]","[55, 64, 52]","[57, 67, 49]",p,0,3,0,0,0,0
69.7,['note_on'],[0],[59],[53],p,0,1,0,0,0,0
69.8,[],[],[],[],,0,0,0,0,0,0
69.9,"['note_on', 'note_on']","[0, 0]","[55, 52]","[47, 47]",pp,0,2,0,0,0,0
70.0,['note_on'],[0],[59],[49],p,0,1,0,0,0,0
70.1,[],[],[],[],,0,0,0,0,0,0
70.2,"['note_on', 'note_on']","[0, 0]","[55, 52]","[49, 48]",pp,0,2,0,0,0,0
70.3,['note_on'],[0],[59],[46],pp,0,1,0,0,0,0
70.4,[],[],[],[],,0,0,0,0,0,0
70.5,"['note_on', 'note_on', 'note_on']","[0, 0, 0]","[76, 55, 52]","[60, 47, 44]",p,0,3,0,0,0,0
70.6,[],[],[],[],,0,0,0,0,0,0
70.7,['note_on'],[0],[59],[41],pp,0,1,0,0,0,0
70.8,"['note_on', 'note_on', 'note_on']","[0, 0, 0]","[75, 52, 55]","[58, 41, 49]",p,0,3,0,0,0,0
70.9,['note_on'],[0],[59],[41],pp,0,1,0,0,0,0
71.0,[],[],[],[],,0,0,0,0,0,0
71.1,"['note_on', 'note_on', 'note_on']","[0, 0, 0]","[76, 55, 52]","[65, 55, 37]",p,0,3,0,0,0,0
71.2,['note_on'],[0],[59],[42],pp,0,1,0,0,0,0
71.3,[],[],[],[],,0,0,0,0,0,0
71.4,"['note_on', 'note_on', 'note_on']","[0, 0, 0]","[55, 79, 52]","[51, 67, 37]",p,0,3,0,0,0,0
71.5,['note_on'],[0],[59],[40],pp,0,1,0,0,0,0
71.6,"['note_on', 'note_on']","[0, 0]","[52, 55]","[46, 44]",pp,0,2,0,0,0,0
71.7,['note_on'],[0],[76],[67],mp,0,1,0,0,0,0
71.8,['note_on'],[0],[59],[55],p,0,1,0,0,0,0
71.9,[],[],[],[],,0,0,0,0,0,0
72.0,"['note_on', 'note_on', 'note_on']","[0, 0, 0]","[54, 57, 76]","[52, 53, 68]",p,0,3,0,0,0,0
72.1,['note_on'],[0],[59],[51],p,0,1,0,0,0,0
72.2,['note_on'],[0],[54],[55],p,0,1,0,0,0,0
72.3,['note_on'],[0],[57],[48],pp,0,1,0,0,0,0
72.4,"['note_on', 'note_on']","[0, 0]","[78, 60]","[60, 53]",p,0,2,0,0,0,0
72.5,['note_on'],[0],[76],[49],p,0,1,0,0,0,0
72.6,"['note_on', 'note_on', 'note_on']","[0, 0, 0]","[75, 54, 57]","[89, 52, 53]",mp,0,3,0,0,0,0
72.7,['note_on'],[0],[60],[57],p,0,1,0,0,0,0
72.8,[],[],[],[],,0,0,0,0,0,0
72.9,"['note_on', 'note_on']","[0, 0]","[54, 57]","[55, 51]",p,0,2,0,0,0,0
73.0,[],[],[],[],,0,0,0,0,0,0
73.1,['note_on'],[0],[60],[65],mp,0,1,0,0,0,0
73.2,"['note_on', 'note_on']","[0, 0]","[57, 54]","[53, 52]",p,0,2,0,0,0,0
73.3,[],[],[],[],,0,0,0,0,0,0
73.4,['note_on'],[0],[60],[58],p,0,1,0,0,0,0
73.5,"['note_on', 'note_on']","[0, 0]","[54, 57]","[47, 49]",pp,0,2,0,0,0,0
73.6,['note_on'],[0],[60],[53],p,0,1,0,0,0,0
73.7,[],[],[],[],,0,0,0,0,0,0
73.8,"['note_on', 'note_on', 'note_on']","[0, 0, 0]","[57, 54, 74]","[49, 57, 63]",p,0,3,0,0,0,0
73.9,['note_on'],[0],[60],[41],pp,0,1,0,0,0,0
74.0,[],[],[],[],,0,0,0,0,0,0
74.1,"['note_on', 'note_on']","[0, 0]","[57, 54]","[48, 45]",pp,0,2,0,0,0,0
74.2,['note_on'],[0],[60],[49],p,0,1,0,0,0,0
74.3,[],[],[],[],,0,0,0,0,0,0
74.4,"['note_on', 'note_on', 'note_on']","[0, 0, 0]","[55, 74, 59]","[49, 68, 49]",p,0,3,0,0,0,0
74.5,['note_on'],[0],[60],[51],p,0,1,0,0,0,0
74.6,[],[],[],[],,0,0,0,0,0,0
74.7,"['note_on', 'note_on']","[0, 0]","[55, 59]","[53, 45]",p,0,2,0,0,0,0
74.8,['note_on'],[0],[62],[58],p,0,1,0,0,0,0
74.9,[],[],[],[],,0,0,0,0,0,0
75.0,"['note_on', 'note_on']","[0, 0]","[59, 55]","[57, 29]",pp,0,2,0,0,0,0
75.1,['note_on'],[0],[62],[49],p,0,1,0,0,0,0
75.2,[],[],[],[],,0,0,0,0,0,0
75.3,"['note_on', 'note_on', 'note_on']","[0, 0, 0]","[79, 55, 59]","[78, 49, 53]",p,0,3,0,0,0,0
75.4,['note_on'],[0],[62],[47],pp,0,1,0,0,0,0
75.5,[],[],[],[],,0,0,0,0,0,0
75.6,"['note_on', 'note_on', 'note_on']","[0, 0, 0]","[55, 59, 78]","[48, 51, 58]",p,0,3,0,0,0,0
75.7,[],[],[],[],,0,0,0,0,0,0
75.8,['note_on'],[0],[62],[49],p,0,1,0,0,0,0
75.9,"['note_on', 'note_on']","[0, 0]","[79, 55]","[68, 49]",p,0,2,0,0,0,0
76.0,['note_on'],[0],[59],[45],pp,0,1,0,0,0,0
76.1,['note_on'],[0],[62],[39],pp,0,1,0,0,0,0
76.2,"['note_on', 'note_on', 'note_on']","[0, 0, 0]","[83, 55, 59]","[80, 49, 63]",mp,0,3,0,0,0,0
76.3,['note_on'],[0],[62],[39],pp,0,1,0,0,0,0
76.4,[],[],[],[],,0,0,0,0,0,0
76.5,"['note_on', 'note_on', 'note_on']","[0, 0, 0]","[59, 55, 84]","[48, 55, 68]",p,0,3,0,0,0,0
76.6,['note_on'],[0],[62],[48],pp,0,1,0,0,0,0
76.7,[],[],[],[],,0,0,0,0,0,0
76.8,"['note_on', 'note_on', 'note_on']","[0, 0, 0]","[57, 60, 83]","[63, 58, 75]",mp,0,3,0,0,0,0
76.9,['note_on'],[0],[62],[55],p,0,1,0,0,0,0
77.0,[],[],[],[],,0,0,0,0,0,0
77.1,"['note_on', 'note_on']","[0, 0]","[57, 60]","[58, 47]",p,0,2,0,0,0,0
77.2,['note_on'],[0],[63],[81],mf,1,1,0,0,0,0
77.3,['note_on'],[0],[84],[80],mf,1,1,0,0,0,0
77.4,"['note_on', 'note_on']","[0, 0]","[60, 57]","[55, 48]",p,0,2,0,0,0,0
77.5,['note_on'],[0],[63],[40],pp,0,1,0,0,0,0
77.6,"['note_on', 'note_on']","[0, 0]","[60, 57]","[49, 44]",pp,0,2,0,0,0,0
77.7,['note_on'],[0],[63],[55],p,0,1,0,0,0,0
77.8,[],[],[],[],,0,0,0,0,0,0
77.9,"['note_on', 'note_on']","[0, 0]","[57, 60]","[49, 51]",p,0,2,0,0,0,0
78.0,[],[],[],[],,0,0,0,0,0,0
78.1,['note_on'],[0],[63],[71],mp,0,1,0,0,0,0
78.2,"['note_on', 'note_on']","[0, 0]","[57, 60]","[48, 37]",pp,0,2,0,0,0,0
78.3,[],[],[],[],,0,0,0,0,0,0
78.4,['note_on'],[0],[63],[45],pp,0,1,0,0,0,0
78.5,"['note_on', 'note_on']","[0, 0]","[78, 60]","[71, 55]",mp,0,2,0,0,0,0
78.6,['note_on'],[0],[57],[46],pp,0,1,0,0,0,0
78.7,['note_on'],[0],[63],[38],pp,0,1,0,0,0,0
78.8,"['note_on', 'note_on']","[0, 0]","[57, 60]","[47, 47]",pp,0,2,0,0,0,0
78.9,[],[],[],[],,0,0,0,0,0,0
79.0,['note_on'],[0],[63],[46],pp,0,1,0,0,0,0
79.1,['note_on'],[0],[58],[47],pp,0,1,0,0,0,0
79.2,"['note_on', 'note_on']","[0, 0]","[62, 77]","[42, 70]",p,0,2,0,0,0,0
79.3,[],[],[],[],,0,0,0,0,0,0
79.4,['note_on'],[0],[63],[88],f,1,1,0,0,0,0
79.5,"['note_on', 'note_on']","[0, 0]","[58, 62]","[32, 48]",pp,0,2,0,0,0,0
79.6,[],[],[],[],,0,0,0,0,0,0
79.7,['note_on'],[0],[65],[53],p,0,1,0,0,0,0
79.8,"['note_on', 'note_on']","[0, 0]","[58, 62]","[47, 57]",p,0,2,0,0,0,0
79.9,[],[],[],[],,0,0,0,0,0,0
80.0,['note_on'],[0],[65],[55],p,0,1,0,0,0,0
80.1,"['note_on', 'note_on', 'note_on']","[0, 0, 0]","[62, 58, 82]","[55, 57, 80]",mp,0,3,0,0,0,0
80.2,[],[],[],[],,0,0,0,0,0,0
80.3,['note_on'],[0],[65],[57],p,0,1,0,0,0,0
80.4,"['note_on', 'note_on', 'note_on']","[0, 0, 0]","[81, 58, 62]","[67, 62, 49]",p,0,3,0,0,0,0
80.5,[],[],[],[],,0,0,0,0,0,0
80.6,['note_on'],[0],[65],[45],pp,0,1,0,0,0,0
80.7,"['note_on', 'note_on', 'note_on']","[0, 0, 0]","[82, 58, 62]","[69, 40, 51]",p,0,3,0,0,0,0
80.8,[],[],[],[],,0,0,0,0,0,0
80.9,['note_on'],[0],[65],[39],pp,0,1,0,0,0,0
81.0,"['note_on', 'note_on', 'note_on']","[0, 0, 0]","[58, 84, 62]","[41, 80, 55]",p,0,3,0,0,0,0
81.1,['note_on'],[0],[65],[34],ppp,0,1,0,0,0,0
81.2,[],[],[],[],,0,0,0,0,0,0
81.3,"['note_on', 'note_on', 'note_on']","[0, 0, 0]","[58, 62, 86]","[43, 57, 77]",p,0,3,0,0,0,0
81.4,[],[],[],[],,0,0,0,0,0,0
81.5,['note_on'],[0],[65],[58],p,0,1,0,0,0,0
81.6,"['note_on', 'note_on', 'note_on']","[0, 0, 0]","[63, 60, 82]","[78, 63, 58]",mp,0,3,0,0,0,0
81.7,['note_on'],[0],[81],[42],pp,0,1,0,0,0,0
81.8,['note_on'],[0],[65],[57],p,0,1,0,0,0,0
81.9,"['note_on', 'note_on']","[0, 0]","[63, 60]","[38, 51]",pp,0,2,0,0,0,0
82.0,"['note_on', 'note_on']","[0, 0]","[84, 65]","[58, 42]",p,0,2,0,0,0,0
82.1,['note_on'],[0],[82],[56],p,0,1,0,0,0,0
82.2,"['note_on', 'note_on', 'note_on']","[0, 0, 0]","[81, 60, 63]","[73, 51, 43]",p,0,3,0,0,0,0
82.3,['note_on'],[0],[66],[47],pp,0,1,0,0,0,0
82.4,[],[],[],[],,0,0,0,0,0,0
82.5,"['note_on', 'note_on']","[0, 0]","[63, 60]","[42, 37]",pp,0,2,0,0,0,0
82.6,['note_on'],[0],[66],[35],ppp,0,1,0,0,0,0
82.7,[],[],[],[],,0,0,0,0,0,0
82.8,['note_on'],[0],[60],[34],ppp,0,1,0,0,0,0
82.9,"['note_on', 'note_on']","[0, 0]","[61, 64]","[27, 28]",ppp,0,2,0,0,0,0
83.0,['note_on'],[0],[61],[40],pp,0,1,0,0,0,0
83.1,[],[],[],[],,0,0,0,0,0,0
83.2,['note_on'],[0],[64],[27],ppp,0,1,0,0,0,0
83.3,[],[],[],[],,0,0,0,0,0,0
83.4,"['note_on', 'note_on', 'note_on']","[0, 0, 0]","[81, 61, 64]","[87, 57, 45]",mp,0,3,0,0,0,0
83.5,['note_on'],[0],[67],[63],mp,0,1,0,0,0,0
83.6,[],[],[],[],,0,0,0,0,0,0
83.7,"['note_on', 'note_on']","[0, 0]","[61, 64]","[44, 48]",pp,0,2,0,0,0,0
83.8,['note_on'],[0],[67],[68],mp,0,1,0,0,0,0
83.9,[],[],[],[],,0,0,0,0,0,0
84.0,"['note_on', 'note_on', 'note_on']","[0, 0, 0]","[66, 62, 81]","[67, 55, 78]",mp,0,3,0,0,0,0
84.1,['note_on'],[0],[67],[63],mp,0,1,0,0,0,0
84.2,[],[],[],[],,0,0,0,0,0,0
84.3,"['note_on', 'note_on', 'note_on', 'note_on']","[0, 0, 0, 0]","[62, 66, 83, 81]","[51, 40, 60, 70]",p,0,4,0,0,0,0
84.4,"['note_on', 'note_on']","[0, 0]","[69, 80]","[68, 65]",mp,0,2,0,0,0,0
84.5,['note_on'],[0],[81],[53],p,0,1,0,0,0,0
84.6,"['note_on', 'note_on', 'note_on', 'note_on']","[0, 0, 0, 0]","[62, 84, 66, 72]","[67, 90, 56, 83]",mp,0,4,0,0,0,0
84.7,['note_on'],[0],[69],[58],p,0,1,0,0,0,0
84.8,[],[],[],[],,0,0,0,0,0,0
84.9,"['note_on', 'note_on']","[0, 0]","[62, 66]","[45, 63]",p,0,2,0,0,0,0
85.0,['note_on'],[0],[69],[49],p,0,1,0,0,0,0
85.1,[],[],[],[],,0,0,0,0,0,0
85.2,"['note_on', 'note_on']","[0, 0]","[63, 66]","[74, 58]",mp,0,2,0,0,0,0
85.3,[],[],[],[],,0,0,0,0,0,0
85.4,['note_on'],[0],[69],[65],mp,0,1,0,0,0,0
85.5,"['note_on', 'note_on']","[0, 0]","[66, 63]","[54, 57]",p,0,2,0,0,0,0
85.6,[],[],[],[],,0,0,0,0,0,0
85.7,['note_on'],[0],[69],[53],p,0,1,0,0,0,0
85.8,"['note_on', 'note_on', 'note_on', 'note_on']","[0, 0, 0, 0]","[63, 83, 71, 66]","[67, 65, 68, 56]",mp,0,4,0,0,0,0
85.9,['note_on'],[0],[69],[41],pp,0,1,0,0,0,0
86.0,[],[],[],[],,0,0,0,0,0,0
86.1,"['note_on', 'note_on']","[0, 0]","[63, 66]","[42, 60]",p,0,2,0,0,0,0
86.2,['note_on'],[0],[69],[58],p,0,1,0,0,0,0
86.3,[],[],[],[],,0,0,0,0,0,0
86.4,"['note_on', 'note_on', 'note_on']","[0, 0, 0]","[68, 64, 83]","[67, 60, 87]",mp,0,3,0,0,0,0
86.5,['note_on'],[0],[69],[70],mp,0,1,0,0,0,0
86.6,[],[],[],[],,0,0,0,0,0,0
86.7,"['note_on', 'note_on', 'note_on', 'note_on']","[0, 0, 0, 0]","[85, 64, 68, 83]","[71, 65, 43, 55]",p,0,4,0,0,0,0
86.8,"['note_on', 'note_on']","[0, 0]","[82, 69]","[71, 57]",mp,0,2,0,0,0,0
86.9,['note_on'],[0],[83],[55],p,0,1,0,0,0,0
87.0,"['note_on', 'note_on', 'note_on', 'note_on']","[0, 0, 0, 0]","[87, 65, 75, 68]","[80, 63, 69, 45]",mp,0,4,0,0,0,0
87.1,['note_on'],[0],[74],[34],ppp,0,1,0,0,0,0
87.2,"['note_on', 'note_on', 'note_on']","[0, 0, 0]","[71, 86, 74]","[73, 33, 36]",pp,0,3,0,0,0,0
87.3,"['note_on', 'note_on']","[0, 0]","[64, 68]","[49, 54]",p,0,2,0,0,0,0
87.4,['note_on'],[0],[71],[53],p,0,1,0,0,0,0
87.5,[],[],[],[],,0,0,0,0,0,0
87.6,"['note_on', 'note_on']","[0, 0]","[65, 68]","[68, 63]",mp,0,2,0,0,0,0
87.7,['note_on'],[0],[71],[60],p,0,1,0,0,0,0
87.8,[],[],[],[],,0,0,0,0,0,0
87.9,"['note_on', 'note_on']","[0, 0]","[65, 68]","[58, 58]",p,0,2,0,0,0,0
88.0,['note_on'],[0],[71],[67],mp,0,1,0,0,0,0
88.1,[],[],[],[],,0,0,0,0,0,0
88.2,"['note_on', 'note_on', 'note_on', 'note_on']","[0, 0, 0, 0]","[65, 68, 85, 73]","[60, 58, 80, 76]",mp,0,4,0,0,0,0
88.3,['note_on'],[0],[75],[39],pp,0,1,0,0,0,0
88.4,['note_on'],[0],[71],[47],pp,0,1,0,0,0,0
88.5,"['note_on', 'note_on']","[0, 0]","[68, 65]","[56, 42]",p,0,2,0,0,0,0
88.6,['note_on'],[0],[71],[60],p,0,1,0,0,0,0
88.7,[],[],[],[],,0,0,0,0,0,0
88.8,"['note_on', 'note_on', 'note_on']","[0, 0, 0]","[66, 69, 85]","[69, 58, 87]",mp,0,3,0,0,0,0
88.9,['note_on'],[0],[71],[57],p,0,1,0,0,0,0
89.0,[],[],[],[],,0,0,0,0,0,0
89.1,"['note_on', 'note_on', 'note_on', 'note_on']","[0, 0, 0, 0]","[66, 87, 69, 85]","[43, 76, 51, 40]",p,0,4,0,0,0,0
89.2,"['note_on', 'note_on']","[0, 0]","[71, 84]","[46, 48]",pp,0,2,0,0,0,0
89.3,['note_on'],[0],[85],[67],mp,0,1,0,0,0,0
89.4,"['note_on', 'note_on', 'note_on', 'note_on', 'note_on']","[0, 0, 0, 0, 0]","[66, 69, 88, 76, 77]","[51, 48, 85, 70, 85]",mp,0,5,0,0,0,0
89.5,['note_on'],[0],[72],[55],p,0,1,0,0,0,0
89.6,[],[],[],[],,0,0,0,0,0,0
89.7,"['note_on', 'note_on']","[0, 0]","[66, 69]","[47, 51]",p,0,2,0,0,0,0
89.8,['note_on'],[0],[72],[67],mp,0,1,0,0,0,0
89.9,[],[],[],[],,0,0,0,0,0,0
90.0,"['note_on', 'note_on']","[0, 0]","[66, 69]","[69, 65]",mp,0,2,0,0,0,0
90.1,[],[],[],[],,0,0,0,0,0,0
90.2,['note_on'],[0],[72],[55],p,0,1,0,0,0,0
90.3,"['note_on', 'note_on']","[0, 0]","[66, 69]","[51, 51]",p,0,2,0,0,0,0
90.4,[],[],[],[],,0,0,0,0,0,0
90.5,['note_on'],[0],[72],[37],pp,0,1,0,0,0,0
90.6,"['note_on', 'note_on', 'note_on', 'note_on']","[0, 0, 0, 0]","[66, 87, 75, 69]","[45, 80, 97, 47]",mp,0,4,0,0,0,0
90.7,['note_on'],[0],[75],[24],ppp,0,1,0,0,0,0
90.8,['note_on'],[0],[72],[57],p,0,1,0,0,0,0
90.9,['note_on'],[0],[66],[63],mp,0,1,0,0,0,0
91.0,['note_on'],[0],[69],[47],pp,0,1,0,0,0,0
91.1,['note_on'],[0],[72],[42],pp,0,1,0,0,0,0
91.2,"['note_on', 'note_on', 'note_on']","[0, 0, 0]","[87, 75, 66]","[87, 92, 54]",mf,1,3,0,0,0,0
91.3,['note_on'],[0],[69],[46],pp,0,1,0,0,0,0
91.4,[],[],[],[],,0,0,0,0,0,0
91.5,[],[],[],[],,0,0,0,0,0,0
91.6,[],[],[],[],,0,0,0,0,0,0
91.7,[],[],[],[],,0,0,0,0,0,0
91.8,[],[],[],[],,0,0,0,0,0,0
91.9,[],[],[],[],,0,0,0,0,0,0
92.0,[],[],[],[],,0,0,0,0,0,0
92.1,[],[],[],[],,0,0,0,0,0,0
92.2,"['note_on', 'note_on', 'note_on', 'note_on']","[0, 0, 0, 0]","[48, 60, 47, 59]","[58, 63, 46, 60]",p,0,4,0,0,0,0
92.3,"['note_on', 'note_on']","[0, 0]","[45, 57]","[58, 67]",mp,0,2,0,0,0,0
92.4,"['note_on', 'note_on']","[0, 0]","[43, 55]","[48, 58]",p,0,2,0,0,0,0
92.5,"['note_on', 'note_on']","[0, 0]","[42, 54]","[55, 77]",mp,0,2,0,0,0,0
92.6,[],[],[],[],,0,0,0,0,0,0
92.7,[],[],[],[],,0,0,0,0,0,0
92.8,[],[],[],[],,0,0,0,0,0,0
92.9,[],[],[],[],,0,0,0,0,0,0
93.0,[],[],[],[],,0,0,0,0,0,0
93.1,[],[],[],[],,0,0,0,0,0,0
93.2,[],[],[],[],,0,0,0,0,0,0
93.3,[],[],[],[],,0,0,0,0,0,0
93.4,"['note_on', 'note_on']","[0, 0]","[76, 88]","[55, 63]",p,0,2,0,0,0,0
93.5,[],[],[],[],,0,0,0,0,0,0
93.6,[],[],[],[],,0,0,0,0,0,0
93.7,"['note_on', 'note_on']","[0, 0]","[75, 87]","[60, 67]",mp,0,2,0,0,0,0
93.8,[],[],[],[],,0,0,0,0,0,0
93.9,[],[],[],[],,0,0,0,0,0,0
94.0,[],[],[],[],,0,0,0,0,0,0
94.1,[],[],[],[],,0,0,0,0,0,0
94.2,[],[],[],[],,0,0,0,0,0,0
94.3,[],[],[],[],,0,0,0,0,0,0
94.4,[],[],[],[],,0,0,0,0,0,0
94.5,"['note_on', 'note_on']","[0, 0]","[48, 60]","[55, 80]",mp,0,2,0,0,0,0
94.6,[],[],[],[],,0,0,0,0,0,0
94.7,[],[],[],[],,0,0,0,0,0,0
94.8,"['note_on', 'note_on']","[0, 0]","[47, 62]","[77, 83]",mf,1,2,0,0,0,0
94.9,[],[],[],[],,0,0,0,0,0,0
95.0,[],[],[],[],,0,0,0,0,0,0
95.1,[],[],[],[],,0,0,0,0,0,0
95.2,[],[],[],[],,0,0,0,0,0,0
95.3,[],[],[],[],,0,0,0,0,0,0
95.4,[],[],[],[],,0,0,0,0,0,0
95.5,[],[],[],[],,0,0,0,0,0,0
95.6,[],[],[],[],,0,0,0,0,0,0
95.7,[],[],[],[],,0,0,0,0,0,0
95.8,['note_on'],[0],[88],[66],mp,0,1,0,0,0,0
95.9,[],[],[],[],,0,0,0,0,0,0
96.0,[],[],[],[],,0,0,0,0,0,0
96.1,['note_on'],[0],[87],[51],p,0,1,0,0,0,0
96.2,[],[],[],[],,0,0,0,0,0,0
96.3,[],[],[],[],,0,0,0,0,0,0
96.4,[],[],[],[],,0,0,0,0,0,0
96.5,[],[],[],[],,0,0,0,0,0,0
96.6,"['note_on', 'note_on', 'note_on', 'note_on']","[0, 0, 0, 0]","[66, 72, 74, 69]","[41, 40, 48, 47]",pp,0,4,0,0,0,0
96.7,[],[],[],[],,0,0,0,0,0,0
96.8,[],[],[],[],,0,0,0,0,0,0
96.9,['note_on'],[0],[88],[57],p,0,1,0,0,0,0
97.0,[],[],[],[],,0,0,0,0,0,0
97.1,[],[],[],[],,0,0,0,0,0,0
97.2,['note_on'],[0],[87],[54],p,0,1,0,0,0,0
97.3,[],[],[],[],,0,0,0,0,0,0
97.4,[],[],[],[],,0,0,0,0,0,0
97.5,[],[],[],[],,0,0,0,0,0,0
97.6,[],[],[],[],,0,0,0,0,0,0
97.7,[],[],[],[],,0,0,0,0,0,0
97.8,"['note_on', 'note_on', 'note_on']","[0, 0, 0]","[72, 66, 69]","[47, 42, 45]",pp,0,3,0,0,0,0
97.9,[],[],[],[],,0,0,0,0,0,0
98.0,[],[],[],[],,0,0,0,0,0,0
98.1,['note_on'],[0],[88],[59],p,0,1,0,0,0,0
98.2,[],[],[],[],,0,0,0,0,0,0
98.3,[],[],[],[],,0,0,0,0,0,0
98.4,[],[],[],[],,0,0,0,0,0,0
98.5,['note_on'],[0],[87],[46],pp,0,1,0,0,0,0
98.6,[],[],[],[],,0,0,0,0,0,0
98.7,[],[],[],[],,0,0,0,0,0,0
98.8,[],[],[],[],,0,0,0,0,0,0
98.9,[],[],[],[],,0,0,0,0,0,0
99.0,"['note_on', 'note_on', 'note_on']","[0, 0, 0]","[66, 72, 69]","[41, 49, 47]",pp,0,3,0,0,0,0
99.1,[],[],[],[],,0,0,0,0,0,0
99.2,[],[],[],[],,0,0,0,0,0,0
99.3,[],[],[],[],,0,0,0,0,0,0
99.4,[],[],[],[],,0,0,0,0,0,0
